month,scenario,cost
2026-02,all_anthropic,25358.29497675
2026-02,optimized,17828.640869625
2026-02,optimized_conservative,23568.921010125
2026-02,status_quo,24492.183301175
2026-03,all_anthropic,21945.7643285
2026-03,optimized,15878.364492175
2026-03,optimized_conservative,21287.076908925
2026-03,status_quo,22634.7835057
2026-04,all_anthropic,17996.0999341
2026-04,optimized,13248.048793325
2026-04,optimized_conservative,16683.324283075
2026-04,status_quo,16775.258244325
