month,scenario,cost
2026-02,all_anthropic,25024.13149175
2026-02,optimized,21308.620817475
2026-02,status_quo,24158.019816175
2026-03,all_anthropic,21597.4749685
2026-03,optimized,18926.410849675
2026-03,status_quo,22286.4941457
2026-04,all_anthropic,17969.5116966
2026-04,optimized,15272.947524725
2026-04,status_quo,16748.670006825
